[{"model": "employees.department", "pk": 1, "fields": {"department": "Accounts"}}, {"model": "employees.department", "pk": 2, "fields": {"department": "ICT"}}, {"model": "employees.department", "pk": 3, "fields": {"department": "Engineering"}}, {"model": "employees.department", "pk": 4, "fields": {"department": "Security"}}, {"model": "contenttypes.contenttype", "pk": 1, "fields": {"app_label": "employees", "model": "department"}}, {"model": "contenttypes.contenttype", "pk": 2, "fields": {"app_label": "employees", "model": "employeeprofile"}}, {"model": "contenttypes.contenttype", "pk": 3, "fields": {"app_label": "employees", "model": "leaverequest"}}, {"model": "contenttypes.contenttype", "pk": 4, "fields": {"app_label": "employees", "model": "managerequest"}}, {"model": "contenttypes.contenttype", "pk": 5, "fields": {"app_label": "admin", "model": "logentry"}}, {"model": "contenttypes.contenttype", "pk": 6, "fields": {"app_label": "auth", "model": "permission"}}, {"model": "contenttypes.contenttype", "pk": 7, "fields": {"app_label": "auth", "model": "group"}}, {"model": "contenttypes.contenttype", "pk": 8, "fields": {"app_label": "auth", "model": "user"}}, {"model": "contenttypes.contenttype", "pk": 9, "fields": {"app_label": "contenttypes", "model": "contenttype"}}, {"model": "contenttypes.contenttype", "pk": 10, "fields": {"app_label": "sessions", "model": "session"}}, {"model": "sessions.session", "pk": "a2833xup5e1wv6wrz60tqtb06ivel3de", "fields": {"session_data": "OTYzMzA1MjI1ZjYwZDAyNjk4YTU4NzllZDNmYmYzZWViYzUwY2I1NTp7Il9tZXNzYWdlcyI6IltbXCJfX2pzb25fbWVzc2FnZVwiLDAsMjAsXCJMb2dnZWQgb3V0IHN1Y2Nlc3NmdWxseSFcIl1dIiwiX2F1dGhfdXNlcl9pZCI6IjQiLCJfYXV0aF91c2VyX2JhY2tlbmQiOiJkamFuZ28uY29udHJpYi5hdXRoLmJhY2tlbmRzLk1vZGVsQmFja2VuZCIsIl9hdXRoX3VzZXJfaGFzaCI6IjEzNGZiZTc4Yjg1ZTc4ZDQyMTNmNThhYzY1MTYyNzg5OTRhNDhiYTUifQ==", "expire_date": "2020-01-20T11:59:14.535Z"}}, {"model": "sessions.session", "pk": "rda961lwna1rv5wa6s7i33hhdb0n558y", "fields": {"session_data": "YmEyZDFiNjc5OGExOTliNWU5YTZiN2Q0MDgxYjY5NzM5ZTNjNjllYjp7Il9tZXNzYWdlcyI6IltbXCJfX2pzb25fbWVzc2FnZVwiLDAsMjAsXCJMb2dnZWQgb3V0IHN1Y2Nlc3NmdWxseSFcIl0sW1wiX19qc29uX21lc3NhZ2VcIiwwLDIwLFwiWW91IGFyZSBub3cgbG9nZ2VkIGluIGFzIHF1ZHVzXCJdXSIsIl9hdXRoX3VzZXJfaWQiOiIxIiwiX2F1dGhfdXNlcl9iYWNrZW5kIjoiZGphbmdvLmNvbnRyaWIuYXV0aC5iYWNrZW5kcy5Nb2RlbEJhY2tlbmQiLCJfYXV0aF91c2VyX2hhc2giOiIxMzdhYWE1YjdkNGRiZWYwYTUzMWY2OTg0ZDY0OWRmZWRmZGQxMDMyIn0=", "expire_date": "2020-01-21T00:48:11.647Z"}}, {"model": "auth.permission", "pk": 1, "fields": {"name": "Can add department", "content_type": 1, "codename": "add_department"}}, {"model": "auth.permission", "pk": 2, "fields": {"name": "Can change department", "content_type": 1, "codename": "change_department"}}, {"model": "auth.permission", "pk": 3, "fields": {"name": "Can delete department", "content_type": 1, "codename": "delete_department"}}, {"model": "auth.permission", "pk": 4, "fields": {"name": "Can view department", "content_type": 1, "codename": "view_department"}}, {"model": "auth.permission", "pk": 5, "fields": {"name": "Can add employee profile", "content_type": 2, "codename": "add_employeeprofile"}}, {"model": "auth.permission", "pk": 6, "fields": {"name": "Can change employee profile", "content_type": 2, "codename": "change_employeeprofile"}}, {"model": "auth.permission", "pk": 7, "fields": {"name": "Can delete employee profile", "content_type": 2, "codename": "delete_employeeprofile"}}, {"model": "auth.permission", "pk": 8, "fields": {"name": "Can view employee profile", "content_type": 2, "codename": "view_employeeprofile"}}, {"model": "auth.permission", "pk": 9, "fields": {"name": "Can add leave request", "content_type": 3, "codename": "add_leaverequest"}}, {"model": "auth.permission", "pk": 10, "fields": {"name": "Can change leave request", "content_type": 3, "codename": "change_leaverequest"}}, {"model": "auth.permission", "pk": 11, "fields": {"name": "Can delete leave request", "content_type": 3, "codename": "delete_leaverequest"}}, {"model": "auth.permission", "pk": 12, "fields": {"name": "Can view leave request", "content_type": 3, "codename": "view_leaverequest"}}, {"model": "auth.permission", "pk": 13, "fields": {"name": "Can add manage request", "content_type": 4, "codename": "add_managerequest"}}, {"model": "auth.permission", "pk": 14, "fields": {"name": "Can change manage request", "content_type": 4, "codename": "change_managerequest"}}, {"model": "auth.permission", "pk": 15, "fields": {"name": "Can delete manage request", "content_type": 4, "codename": "delete_managerequest"}}, {"model": "auth.permission", "pk": 16, "fields": {"name": "Can view manage request", "content_type": 4, "codename": "view_managerequest"}}, {"model": "auth.permission", "pk": 17, "fields": {"name": "Can add log entry", "content_type": 5, "codename": "add_logentry"}}, {"model": "auth.permission", "pk": 18, "fields": {"name": "Can change log entry", "content_type": 5, "codename": "change_logentry"}}, {"model": "auth.permission", "pk": 19, "fields": {"name": "Can delete log entry", "content_type": 5, "codename": "delete_logentry"}}, {"model": "auth.permission", "pk": 20, "fields": {"name": "Can view log entry", "content_type": 5, "codename": "view_logentry"}}, {"model": "auth.permission", "pk": 21, "fields": {"name": "Can add permission", "content_type": 6, "codename": "add_permission"}}, {"model": "auth.permission", "pk": 22, "fields": {"name": "Can change permission", "content_type": 6, "codename": "change_permission"}}, {"model": "auth.permission", "pk": 23, "fields": {"name": "Can delete permission", "content_type": 6, "codename": "delete_permission"}}, {"model": "auth.permission", "pk": 24, "fields": {"name": "Can view permission", "content_type": 6, "codename": "view_permission"}}, {"model": "auth.permission", "pk": 25, "fields": {"name": "Can add group", "content_type": 7, "codename": "add_group"}}, {"model": "auth.permission", "pk": 26, "fields": {"name": "Can change group", "content_type": 7, "codename": "change_group"}}, {"model": "auth.permission", "pk": 27, "fields": {"name": "Can delete group", "content_type": 7, "codename": "delete_group"}}, {"model": "auth.permission", "pk": 28, "fields": {"name": "Can view group", "content_type": 7, "codename": "view_group"}}, {"model": "auth.permission", "pk": 29, "fields": {"name": "Can add user", "content_type": 8, "codename": "add_user"}}, {"model": "auth.permission", "pk": 30, "fields": {"name": "Can change user", "content_type": 8, "codename": "change_user"}}, {"model": "auth.permission", "pk": 31, "fields": {"name": "Can delete user", "content_type": 8, "codename": "delete_user"}}, {"model": "auth.permission", "pk": 32, "fields": {"name": "Can view user", "content_type": 8, "codename": "view_user"}}, {"model": "auth.permission", "pk": 33, "fields": {"name": "Can add content type", "content_type": 9, "codename": "add_contenttype"}}, {"model": "auth.permission", "pk": 34, "fields": {"name": "Can change content type", "content_type": 9, "codename": "change_contenttype"}}, {"model": "auth.permission", "pk": 35, "fields": {"name": "Can delete content type", "content_type": 9, "codename": "delete_contenttype"}}, {"model": "auth.permission", "pk": 36, "fields": {"name": "Can view content type", "content_type": 9, "codename": "view_contenttype"}}, {"model": "auth.permission", "pk": 37, "fields": {"name": "Can add session", "content_type": 10, "codename": "add_session"}}, {"model": "auth.permission", "pk": 38, "fields": {"name": "Can change session", "content_type": 10, "codename": "change_session"}}, {"model": "auth.permission", "pk": 39, "fields": {"name": "Can delete session", "content_type": 10, "codename": "delete_session"}}, {"model": "auth.permission", "pk": 40, "fields": {"name": "Can view session", "content_type": 10, "codename": "view_session"}}, {"model": "auth.user", "pk": 1, "fields": {"password": "pbkdf2_sha256$150000$qulvDDElrTnZ$f0f1JsfXRieIwAJm+qi58JH60p3yCVzVq3JYAmQCP8E=", "last_login": "2020-01-07T00:48:11.529Z", "is_superuser": true, "username": "qudus", "first_name": "Qudus", "last_name": "Giwa", "email": "", "is_staff": true, "is_active": true, "date_joined": "2020-01-05T17:33:09Z", "groups": [], "user_permissions": []}}, {"model": "auth.user", "pk": 2, "fields": {"password": "pbkdf2_sha256$150000$yGoJmXf3rIK5$/lfBRdrWxDuWq6RlF5LOY/WM3Tlcgl/xp8l9tuA3jWc=", "last_login": "2020-01-07T00:18:21.665Z", "is_superuser": false, "username": "bardhi", "first_name": "Abdulqudus", "last_name": "scardon", "email": "giwa_qudus@yahoo.com", "is_staff": false, "is_active": true, "date_joined": "2020-01-05T17:35:18.992Z", "groups": [], "user_permissions": []}}, {"model": "auth.user", "pk": 3, "fields": {"password": "pbkdf2_sha256$150000$XEtDYwk4ROPw$PkNFrlyzq2GO2mLRtCrFRAliFDodVPLZ9MUT/ohc5M0=", "last_login": "2020-01-06T23:38:49.586Z", "is_superuser": false, "username": "bandra", "first_name": "Bandra", "last_name": "scardon", "email": "giwa_qudus@yahoo.com", "is_staff": false, "is_active": true, "date_joined": "2020-01-05T17:45:11.055Z", "groups": [], "user_permissions": []}}, {"model": "auth.user", "pk": 4, "fields": {"password": "pbkdf2_sha256$150000$VQpO1Eim0eO9$rOnBVXDDxU+B6gAyEeHOgPb1BSy7UNiLZEQzW5FG/ro=", "last_login": "2020-01-06T11:59:28.051Z", "is_superuser": false, "username": "ope.yemi", "first_name": "Ope", "last_name": "Yemi", "email": "giwa_qudus@yahoo.com", "is_staff": false, "is_active": true, "date_joined": "2020-01-06T11:59:11.659Z", "groups": [], "user_permissions": []}}, {"model": "auth.user", "pk": 5, "fields": {"password": "pbkdf2_sha256$150000$IfpzY3d6LPYW$93tjuXv2VtT9uJBaJ7pEHtDakcmwW/7nTWvhTQlm3sA=", "last_login": "2020-01-06T12:19:03.556Z", "is_superuser": false, "username": "qudusaa", "first_name": "Ert", "last_name": "GFH", "email": "giwa_qudus@yahoo.com", "is_staff": false, "is_active": true, "date_joined": "2020-01-06T12:19:01.416Z", "groups": [], "user_permissions": []}}, {"model": "auth.user", "pk": 6, "fields": {"password": "pbkdf2_sha256$150000$eFmkDeAZdjP4$rVrrW0tmdaULPmkWmshsZv0j3zjNxoN0oeKaaWditLk=", "last_login": "2020-01-06T12:21:14.388Z", "is_superuser": false, "username": "asde", "first_name": "sad", "last_name": "qudus", "email": "giwa_qudus@yahoo.com", "is_staff": false, "is_active": true, "date_joined": "2020-01-06T12:21:12.139Z", "groups": [], "user_permissions": []}}, {"model": "auth.user", "pk": 7, "fields": {"password": "pbkdf2_sha256$150000$SOkk5zKNHMNj$pr9GVy2fjraKh7sGTZkXveVE12c28VUOQxYTL2RudNY=", "last_login": "2020-01-06T12:26:13.786Z", "is_superuser": false, "username": "opgh", "first_name": "FGH", "last_name": "sgamun", "email": "giwa_qudus@yahoo.com", "is_staff": false, "is_active": true, "date_joined": "2020-01-06T12:26:11.409Z", "groups": [], "user_permissions": []}}, {"model": "auth.user", "pk": 8, "fields": {"password": "pbkdf2_sha256$150000$Bm8Q9OsRQkpk$WOutVlsZWev426KhkPbf6R4GS2PnHuyTitdX5YlSa5U=", "last_login": "2020-01-06T12:29:28.713Z", "is_superuser": false, "username": "aaa", "first_name": "aaa", "last_name": "qudus", "email": "giwa_qudus@yahoo.com", "is_staff": false, "is_active": true, "date_joined": "2020-01-06T12:29:26.584Z", "groups": [], "user_permissions": []}}, {"model": "auth.user", "pk": 9, "fields": {"password": "pbkdf2_sha256$150000$b3OEOEFLgd4P$kg9IHOI9R20YgOHwb3pbdI8y2xFFF2oSag+2XOdVT7Y=", "last_login": "2020-01-06T23:30:14.654Z", "is_superuser": false, "username": "Loki", "first_name": "Los", "last_name": "qudus", "email": "giwa_qudus@yahoo.com", "is_staff": false, "is_active": true, "date_joined": "2020-01-06T12:33:44.621Z", "groups": [], "user_permissions": []}}, {"model": "auth.user", "pk": 10, "fields": {"password": "pbkdf2_sha256$150000$Eos2cwG2fpBK$onmrlOW/p+gg+C+HXiVJcqgWjCKriHiPL0tJfeo8phA=", "last_login": "2020-01-06T12:37:47.642Z", "is_superuser": false, "username": "fg", "first_name": "aaatttt", "last_name": "sgamun", "email": "giwa_qudus@yahoo.com", "is_staff": false, "is_active": true, "date_joined": "2020-01-06T12:37:45.128Z", "groups": [], "user_permissions": []}}, {"model": "auth.user", "pk": 11, "fields": {"password": "pbkdf2_sha256$150000$sq3SBLMn7epu$cjRSgXww6lPfZ8yAJ31FmJjLCcM323dsrGDacNXwS14=", "last_login": "2020-01-06T12:40:30.289Z", "is_superuser": false, "username": "kkl", "first_name": "Abdulqudus", "last_name": "qudus", "email": "giwa_qudus@yahoo.com", "is_staff": false, "is_active": true, "date_joined": "2020-01-06T12:40:28.136Z", "groups": [], "user_permissions": []}}, {"model": "auth.user", "pk": 12, "fields": {"password": "pbkdf2_sha256$150000$EkIL2v2JUArP$k+SC1QNQDjVe8jXBDh3Opb24Fs7t4hooLzKQ9MXOVXY=", "last_login": "2020-01-06T12:44:58.317Z", "is_superuser": false, "username": "ggggg", "first_name": "hjk", "last_name": "kjn", "email": "giwa_qudus@yahoo.com", "is_staff": false, "is_active": true, "date_joined": "2020-01-06T12:44:56.256Z", "groups": [], "user_permissions": []}}, {"model": "auth.user", "pk": 13, "fields": {"password": "pbkdf2_sha256$150000$aRpq4H03H4pB$pKrGfI9JQvkArMZkCAe3pOoClANaDTBzMSlA0ghHfnk=", "last_login": "2020-01-06T13:10:49.936Z", "is_superuser": false, "username": "ddd", "first_name": "ddddd", "last_name": "ddddd", "email": "giwa_qudus@yahoo.com", "is_staff": false, "is_active": true, "date_joined": "2020-01-06T13:10:47.712Z", "groups": [], "user_permissions": []}}, {"model": "auth.user", "pk": 14, "fields": {"password": "pbkdf2_sha256$150000$ISXKWQbc84PV$ogqA5xMqG0/tIL+T+asQI+ixfCQGc2weKOy5uanC3qs=", "last_login": "2020-01-06T13:12:44.614Z", "is_superuser": false, "username": "ddkgllg", "first_name": "ewr", "last_name": "qudus", "email": "wew@gmail.com", "is_staff": false, "is_active": true, "date_joined": "2020-01-06T13:12:42.426Z", "groups": [], "user_permissions": []}}, {"model": "auth.user", "pk": 15, "fields": {"password": "pbkdf2_sha256$150000$G5Vgw0MNfJpF$Q38dRfz5AJo1XVpDZGq7IXaVnld2xOoy3InqK8mrzGY=", "last_login": "2020-01-06T13:23:10.462Z", "is_superuser": false, "username": "aas", "first_name": "Abdulqudus", "last_name": "qudus", "email": "giwa_qudus@yahoo.com", "is_staff": false, "is_active": true, "date_joined": "2020-01-06T13:23:08.324Z", "groups": [], "user_permissions": []}}, {"model": "auth.user", "pk": 16, "fields": {"password": "pbkdf2_sha256$150000$r0XujNQWesEQ$68DRl2dmXm5DfHOMO439+kNEHHdc8bgWfsYxivGBQ78=", "last_login": "2020-01-07T00:44:57.297Z", "is_superuser": false, "username": "Darth", "first_name": "sss", "last_name": "qudus", "email": "giwa_qudus@yahoo.com", "is_staff": false, "is_active": true, "date_joined": "2020-01-06T13:26:04.267Z", "groups": [], "user_permissions": []}}, {"model": "auth.user", "pk": 17, "fields": {"password": "pbkdf2_sha256$150000$7bMzxDpEwVa4$OA7wbPoODe/wuHezXa8aD+FHnxMyDjKR7w3B+FRje+c=", "last_login": "2020-01-06T13:46:02.717Z", "is_superuser": false, "username": "dopl", "first_name": "er", "last_name": "re", "email": "giwa_qudus@yahoo.com", "is_staff": false, "is_active": true, "date_joined": "2020-01-06T13:46:00.493Z", "groups": [], "user_permissions": []}}, {"model": "auth.user", "pk": 18, "fields": {"password": "pbkdf2_sha256$150000$rWhq2vSgwvlP$VFyN2Yc+px+rO4E2U0kgm/tACqv2QbQ3OW/azVcJBJg=", "last_login": "2020-01-06T14:52:27.077Z", "is_superuser": false, "username": "bbbb", "first_name": "BBB", "last_name": "sgamun", "email": "giwa_qudus@yahoo.com", "is_staff": false, "is_active": true, "date_joined": "2020-01-06T14:49:59.162Z", "groups": [], "user_permissions": []}}, {"model": "auth.user", "pk": 19, "fields": {"password": "pbkdf2_sha256$150000$CmYbwOLw47v2$T6vuNM0uKhEQcbI64HePwJN72hjtR7RTcVFwid24rAY=", "last_login": "2020-01-06T15:29:35.824Z", "is_superuser": false, "username": "aFFDAD", "first_name": "FD", "last_name": "FD", "email": "giwa_qudus@yahoo.com", "is_staff": false, "is_active": true, "date_joined": "2020-01-06T15:29:33.720Z", "groups": [], "user_permissions": []}}, {"model": "auth.user", "pk": 20, "fields": {"password": "pbkdf2_sha256$150000$YyH2i0gKlPul$tSi3N3Bvai1P6vlg7H+LkF+RmZwndjxqVavzZm6Ijdo=", "last_login": "2020-01-06T17:24:19.766Z", "is_superuser": false, "username": "darth.vader", "first_name": "Darth", "last_name": "Vader", "email": "giwa_qudus@yahoo.com", "is_staff": false, "is_active": true, "date_joined": "2020-01-06T17:24:17.778Z", "groups": [], "user_permissions": []}}, {"model": "auth.user", "pk": 21, "fields": {"password": "pbkdf2_sha256$150000$LKWX2YTXL7Dh$+O/GuR+M87UrexQ03sCJpCSxPJ06/0SbD1e48LwIf1E=", "last_login": "2020-01-06T17:56:33.497Z", "is_superuser": false, "username": "Gana", "first_name": "Gana", "last_name": "Jo", "email": "giwa_qudus@yahoo.com", "is_staff": false, "is_active": true, "date_joined": "2020-01-06T17:56:31.512Z", "groups": [], "user_permissions": []}}, {"model": "auth.user", "pk": 22, "fields": {"password": "pbkdf2_sha256$150000$p3h1Xqk8QeSm$FjXmZWQ9VgOhdpnpXRh8MF2rZubssITzBeYQtFLQ9Ew=", "last_login": "2020-01-07T00:47:06.535Z", "is_superuser": false, "username": "Mantra", "first_name": "Amntra", "last_name": "Mantro", "email": "giwa_qudus@yahoo.com", "is_staff": false, "is_active": true, "date_joined": "2020-01-07T00:47:04.052Z", "groups": [], "user_permissions": []}}, {"model": "admin.logentry", "pk": 1, "fields": {"action_time": "2020-01-05T17:34:27.829Z", "user": 1, "content_type": 1, "object_id": "1", "object_repr": "Accounts", "action_flag": 1, "change_message": "[{\"added\": {}}]"}}, {"model": "admin.logentry", "pk": 2, "fields": {"action_time": "2020-01-05T17:34:35.158Z", "user": 1, "content_type": 1, "object_id": "2", "object_repr": "ICT", "action_flag": 1, "change_message": "[{\"added\": {}}]"}}, {"model": "admin.logentry", "pk": 3, "fields": {"action_time": "2020-01-05T17:34:39.450Z", "user": 1, "content_type": 1, "object_id": "3", "object_repr": "Engineering", "action_flag": 1, "change_message": "[{\"added\": {}}]"}}, {"model": "admin.logentry", "pk": 4, "fields": {"action_time": "2020-01-05T17:34:43.887Z", "user": 1, "content_type": 1, "object_id": "4", "object_repr": "Security", "action_flag": 1, "change_message": "[{\"added\": {}}]"}}, {"model": "admin.logentry", "pk": 5, "fields": {"action_time": "2020-01-05T22:29:08.093Z", "user": 1, "content_type": 8, "object_id": "1", "object_repr": "qudus", "action_flag": 2, "change_message": "[{\"changed\": {\"fields\": [\"first_name\", \"last_name\"]}}]"}}, {"model": "admin.logentry", "pk": 6, "fields": {"action_time": "2020-01-06T14:51:31.211Z", "user": 1, "content_type": 3, "object_id": "14", "object_repr": "Abdulqudus qudus ICT", "action_flag": 3, "change_message": ""}}, {"model": "admin.logentry", "pk": 7, "fields": {"action_time": "2020-01-06T14:51:31.375Z", "user": 1, "content_type": 3, "object_id": "13", "object_repr": "ewr qudus Engineering", "action_flag": 3, "change_message": ""}}, {"model": "admin.logentry", "pk": 8, "fields": {"action_time": "2020-01-06T14:51:31.507Z", "user": 1, "content_type": 3, "object_id": "12", "object_repr": "ddddd ddddd Accounts", "action_flag": 3, "change_message": ""}}, {"model": "admin.logentry", "pk": 9, "fields": {"action_time": "2020-01-06T14:51:31.630Z", "user": 1, "content_type": 3, "object_id": "11", "object_repr": "hjk kjn ICT", "action_flag": 3, "change_message": ""}}, {"model": "admin.logentry", "pk": 10, "fields": {"action_time": "2020-01-06T14:51:31.741Z", "user": 1, "content_type": 3, "object_id": "10", "object_repr": "Abdulqudus qudus Engineering", "action_flag": 3, "change_message": ""}}, {"model": "admin.logentry", "pk": 11, "fields": {"action_time": "2020-01-06T14:51:31.919Z", "user": 1, "content_type": 3, "object_id": "9", "object_repr": "aaatttt sgamun Accounts", "action_flag": 3, "change_message": ""}}, {"model": "admin.logentry", "pk": 12, "fields": {"action_time": "2020-01-06T14:51:47.459Z", "user": 1, "content_type": 3, "object_id": "5", "object_repr": "sad qudus ICT", "action_flag": 3, "change_message": ""}}, {"model": "admin.logentry", "pk": 13, "fields": {"action_time": "2020-01-06T14:51:47.616Z", "user": 1, "content_type": 3, "object_id": "4", "object_repr": "Ert GFH ICT", "action_flag": 3, "change_message": ""}}, {"model": "admin.logentry", "pk": 14, "fields": {"action_time": "2020-01-06T14:51:47.784Z", "user": 1, "content_type": 3, "object_id": "3", "object_repr": "Ope Yemi Engineering", "action_flag": 3, "change_message": ""}}, {"model": "admin.logentry", "pk": 15, "fields": {"action_time": "2020-01-06T14:51:47.918Z", "user": 1, "content_type": 3, "object_id": "2", "object_repr": "Bandra scardon ICT", "action_flag": 3, "change_message": ""}}, {"model": "admin.logentry", "pk": 16, "fields": {"action_time": "2020-01-06T14:57:38.872Z", "user": 1, "content_type": 3, "object_id": "17", "object_repr": "BBB sgamun ICT", "action_flag": 2, "change_message": "[]"}}, {"model": "admin.logentry", "pk": 17, "fields": {"action_time": "2020-01-06T14:58:56.297Z", "user": 1, "content_type": 3, "object_id": "18", "object_repr": "ewr qudus Engineering", "action_flag": 1, "change_message": "[{\"added\": {}}]"}}, {"model": "admin.logentry", "pk": 18, "fields": {"action_time": "2020-01-06T14:59:22.605Z", "user": 1, "content_type": 3, "object_id": "8", "object_repr": "Los qudus Accounts", "action_flag": 3, "change_message": ""}}, {"model": "admin.logentry", "pk": 19, "fields": {"action_time": "2020-01-06T14:59:22.780Z", "user": 1, "content_type": 3, "object_id": "7", "object_repr": "aaa qudus ICT", "action_flag": 3, "change_message": ""}}, {"model": "admin.logentry", "pk": 20, "fields": {"action_time": "2020-01-06T14:59:22.956Z", "user": 1, "content_type": 3, "object_id": "6", "object_repr": "FGH sgamun Security", "action_flag": 3, "change_message": ""}}, {"model": "admin.logentry", "pk": 21, "fields": {"action_time": "2020-01-06T14:59:23.087Z", "user": 1, "content_type": 3, "object_id": "1", "object_repr": "Abdulqudus scardon ICT", "action_flag": 3, "change_message": ""}}, {"model": "admin.logentry", "pk": 22, "fields": {"action_time": "2020-01-06T15:05:08.649Z", "user": 1, "content_type": 3, "object_id": "19", "object_repr": "Abdulqudus scardon ICT", "action_flag": 1, "change_message": "[{\"added\": {}}]"}}, {"model": "admin.logentry", "pk": 23, "fields": {"action_time": "2020-01-06T15:06:04.752Z", "user": 1, "content_type": 3, "object_id": "20", "object_repr": "aaatttt sgamun Accounts", "action_flag": 1, "change_message": "[{\"added\": {}}]"}}, {"model": "admin.logentry", "pk": 24, "fields": {"action_time": "2020-01-06T15:09:42.868Z", "user": 1, "content_type": 3, "object_id": "21", "object_repr": "ddddd ddddd Accounts", "action_flag": 1, "change_message": "[{\"added\": {}}]"}}, {"model": "admin.logentry", "pk": 25, "fields": {"action_time": "2020-01-06T15:28:40.308Z", "user": 1, "content_type": 3, "object_id": "22", "object_repr": "Los qudus Accounts", "action_flag": 1, "change_message": "[{\"added\": {}}]"}}, {"model": "admin.logentry", "pk": 26, "fields": {"action_time": "2020-01-06T15:30:29.385Z", "user": 1, "content_type": 3, "object_id": "21", "object_repr": "ddddd ddddd Accounts", "action_flag": 3, "change_message": ""}}, {"model": "admin.logentry", "pk": 27, "fields": {"action_time": "2020-01-06T15:30:29.605Z", "user": 1, "content_type": 3, "object_id": "20", "object_repr": "aaatttt sgamun Accounts", "action_flag": 3, "change_message": ""}}, {"model": "admin.logentry", "pk": 28, "fields": {"action_time": "2020-01-06T15:30:29.717Z", "user": 1, "content_type": 3, "object_id": "17", "object_repr": "BBB sgamun ICT", "action_flag": 3, "change_message": ""}}, {"model": "admin.logentry", "pk": 29, "fields": {"action_time": "2020-01-06T15:30:29.871Z", "user": 1, "content_type": 3, "object_id": "16", "object_repr": "er re Security", "action_flag": 3, "change_message": ""}}, {"model": "admin.logentry", "pk": 30, "fields": {"action_time": "2020-01-06T15:34:31.527Z", "user": 1, "content_type": 3, "object_id": "24", "object_repr": "ddddd ddddd Accounts", "action_flag": 1, "change_message": "[{\"added\": {}}]"}}, {"model": "admin.logentry", "pk": 31, "fields": {"action_time": "2020-01-06T17:40:24.907Z", "user": 1, "content_type": 4, "object_id": "21", "object_repr": "Los qudus", "action_flag": 1, "change_message": "[{\"added\": {}}]"}}, {"model": "admin.logentry", "pk": 32, "fields": {"action_time": "2020-01-06T18:39:33.380Z", "user": 1, "content_type": 3, "object_id": "27", "object_repr": "sad qudus ICT", "action_flag": 1, "change_message": "[{\"added\": {}}]"}}, {"model": "admin.logentry", "pk": 33, "fields": {"action_time": "2020-01-06T18:51:03.660Z", "user": 1, "content_type": 3, "object_id": "27", "object_repr": "sad qudus ICT", "action_flag": 3, "change_message": ""}}, {"model": "admin.logentry", "pk": 34, "fields": {"action_time": "2020-01-06T18:51:03.809Z", "user": 1, "content_type": 3, "object_id": "25", "object_repr": "Darth Vader ICT", "action_flag": 3, "change_message": ""}}, {"model": "admin.logentry", "pk": 35, "fields": {"action_time": "2020-01-06T18:51:03.952Z", "user": 1, "content_type": 3, "object_id": "24", "object_repr": "ddddd ddddd Accounts", "action_flag": 3, "change_message": ""}}, {"model": "admin.logentry", "pk": 36, "fields": {"action_time": "2020-01-06T18:51:04.086Z", "user": 1, "content_type": 3, "object_id": "22", "object_repr": "Los qudus Accounts", "action_flag": 3, "change_message": ""}}, {"model": "admin.logentry", "pk": 37, "fields": {"action_time": "2020-01-06T18:51:04.230Z", "user": 1, "content_type": 3, "object_id": "19", "object_repr": "Abdulqudus scardon ICT", "action_flag": 3, "change_message": ""}}, {"model": "admin.logentry", "pk": 38, "fields": {"action_time": "2020-01-06T18:51:04.375Z", "user": 1, "content_type": 3, "object_id": "18", "object_repr": "ewr qudus Engineering", "action_flag": 3, "change_message": ""}}, {"model": "admin.logentry", "pk": 39, "fields": {"action_time": "2020-01-06T18:51:22.818Z", "user": 1, "content_type": 3, "object_id": "28", "object_repr": "Abdulqudus scardon ICT", "action_flag": 1, "change_message": "[{\"added\": {}}]"}}, {"model": "admin.logentry", "pk": 40, "fields": {"action_time": "2020-01-06T19:03:35.520Z", "user": 1, "content_type": 3, "object_id": "29", "object_repr": "ddddd ddddd Accounts", "action_flag": 1, "change_message": "[{\"added\": {}}]"}}, {"model": "admin.logentry", "pk": 41, "fields": {"action_time": "2020-01-06T19:26:04.752Z", "user": 1, "content_type": 3, "object_id": "28", "object_repr": "Abdulqudus scardon ICT", "action_flag": 3, "change_message": ""}}, {"model": "admin.logentry", "pk": 42, "fields": {"action_time": "2020-01-06T19:26:04.897Z", "user": 1, "content_type": 3, "object_id": "26", "object_repr": "Gana Jo Engineering", "action_flag": 3, "change_message": ""}}, {"model": "admin.logentry", "pk": 43, "fields": {"action_time": "2020-01-06T19:26:05.031Z", "user": 1, "content_type": 3, "object_id": "23", "object_repr": "FD FD ICT", "action_flag": 3, "change_message": ""}}, {"model": "admin.logentry", "pk": 44, "fields": {"action_time": "2020-01-06T19:26:24.854Z", "user": 1, "content_type": 3, "object_id": "30", "object_repr": "Abdulqudus scardon ICT", "action_flag": 1, "change_message": "[{\"added\": {}}]"}}, {"model": "admin.logentry", "pk": 45, "fields": {"action_time": "2020-01-06T19:26:36.502Z", "user": 1, "content_type": 3, "object_id": "31", "object_repr": "Los qudus Accounts", "action_flag": 1, "change_message": "[{\"added\": {}}]"}}, {"model": "admin.logentry", "pk": 46, "fields": {"action_time": "2020-01-06T19:33:37.435Z", "user": 1, "content_type": 3, "object_id": "31", "object_repr": "Los qudus Accounts", "action_flag": 3, "change_message": ""}}, {"model": "admin.logentry", "pk": 47, "fields": {"action_time": "2020-01-06T19:33:37.651Z", "user": 1, "content_type": 3, "object_id": "30", "object_repr": "Abdulqudus scardon ICT", "action_flag": 3, "change_message": ""}}, {"model": "admin.logentry", "pk": 48, "fields": {"action_time": "2020-01-06T19:33:37.816Z", "user": 1, "content_type": 3, "object_id": "29", "object_repr": "ddddd ddddd Accounts", "action_flag": 3, "change_message": ""}}, {"model": "admin.logentry", "pk": 49, "fields": {"action_time": "2020-01-06T19:33:51.256Z", "user": 1, "content_type": 3, "object_id": "32", "object_repr": "Abdulqudus scardon ICT", "action_flag": 1, "change_message": "[{\"added\": {}}]"}}, {"model": "admin.logentry", "pk": 50, "fields": {"action_time": "2020-01-06T19:34:02.444Z", "user": 1, "content_type": 3, "object_id": "33", "object_repr": "hjk kjn ICT", "action_flag": 1, "change_message": "[{\"added\": {}}]"}}, {"model": "admin.logentry", "pk": 51, "fields": {"action_time": "2020-01-06T19:44:30.211Z", "user": 1, "content_type": 3, "object_id": "34", "object_repr": "FD FD ICT", "action_flag": 1, "change_message": "[{\"added\": {}}]"}}, {"model": "admin.logentry", "pk": 52, "fields": {"action_time": "2020-01-06T19:48:49.516Z", "user": 1, "content_type": 3, "object_id": "35", "object_repr": "aaatttt sgamun Accounts", "action_flag": 1, "change_message": "[{\"added\": {}}]"}}, {"model": "admin.logentry", "pk": 53, "fields": {"action_time": "2020-01-06T19:54:19.284Z", "user": 1, "content_type": 3, "object_id": "36", "object_repr": "er re Security", "action_flag": 1, "change_message": "[{\"added\": {}}]"}}, {"model": "admin.logentry", "pk": 54, "fields": {"action_time": "2020-01-06T19:56:03.908Z", "user": 1, "content_type": 3, "object_id": "37", "object_repr": "Ert GFH ICT", "action_flag": 1, "change_message": "[{\"added\": {}}]"}}, {"model": "admin.logentry", "pk": 55, "fields": {"action_time": "2020-01-06T19:57:16.293Z", "user": 1, "content_type": 3, "object_id": "38", "object_repr": "Abdulqudus qudus Engineering", "action_flag": 1, "change_message": "[{\"added\": {}}]"}}, {"model": "admin.logentry", "pk": 56, "fields": {"action_time": "2020-01-06T19:58:08.794Z", "user": 1, "content_type": 3, "object_id": "39", "object_repr": "Abdulqudus qudus ICT", "action_flag": 1, "change_message": "[{\"added\": {}}]"}}, {"model": "admin.logentry", "pk": 57, "fields": {"action_time": "2020-01-06T19:58:32.381Z", "user": 1, "content_type": 3, "object_id": "37", "object_repr": "Ert GFH ICT", "action_flag": 3, "change_message": ""}}, {"model": "admin.logentry", "pk": 58, "fields": {"action_time": "2020-01-06T19:58:32.525Z", "user": 1, "content_type": 3, "object_id": "36", "object_repr": "er re Security", "action_flag": 3, "change_message": ""}}, {"model": "admin.logentry", "pk": 59, "fields": {"action_time": "2020-01-06T19:58:32.681Z", "user": 1, "content_type": 3, "object_id": "35", "object_repr": "aaatttt sgamun Accounts", "action_flag": 3, "change_message": ""}}, {"model": "admin.logentry", "pk": 60, "fields": {"action_time": "2020-01-06T19:58:32.858Z", "user": 1, "content_type": 3, "object_id": "34", "object_repr": "FD FD ICT", "action_flag": 3, "change_message": ""}}, {"model": "admin.logentry", "pk": 61, "fields": {"action_time": "2020-01-06T19:58:32.992Z", "user": 1, "content_type": 3, "object_id": "33", "object_repr": "hjk kjn ICT", "action_flag": 3, "change_message": ""}}, {"model": "admin.logentry", "pk": 62, "fields": {"action_time": "2020-01-06T19:58:33.121Z", "user": 1, "content_type": 3, "object_id": "32", "object_repr": "Abdulqudus scardon ICT", "action_flag": 3, "change_message": ""}}, {"model": "admin.logentry", "pk": 63, "fields": {"action_time": "2020-01-06T19:58:33.281Z", "user": 1, "content_type": 3, "object_id": "15", "object_repr": "sss qudus Security", "action_flag": 3, "change_message": ""}}, {"model": "admin.logentry", "pk": 64, "fields": {"action_time": "2020-01-06T19:58:47.397Z", "user": 1, "content_type": 3, "object_id": "40", "object_repr": "Bandra scardon ICT", "action_flag": 1, "change_message": "[{\"added\": {}}]"}}, {"model": "admin.logentry", "pk": 65, "fields": {"action_time": "2020-01-06T19:59:34.388Z", "user": 1, "content_type": 4, "object_id": "39", "object_repr": "Bandra scardon", "action_flag": 1, "change_message": "[{\"added\": {}}]"}}, {"model": "admin.logentry", "pk": 66, "fields": {"action_time": "2020-01-06T19:59:49.105Z", "user": 1, "content_type": 4, "object_id": "39", "object_repr": "Bandra scardon", "action_flag": 3, "change_message": ""}}, {"model": "employees.employeeprofile", "pk": 1, "fields": {"user": 2, "department": 2, "dob": "2020-01-05", "address": "66 Adebajo, New Bodija", "city": "Ibadan", "state": "Oyo", "origin_state": "Oyo", "nationality": "Nigerian", "mobile": "8184094317"}}, {"model": "employees.employeeprofile", "pk": 2, "fields": {"user": 3, "department": 2, "dob": "2020-01-05", "address": "66 Adebajo, New Bodija", "city": "Ibadan", "state": "Oyo", "origin_state": "Oyo", "nationality": "Nigerian", "mobile": "8184094317"}}, {"model": "employees.employeeprofile", "pk": 3, "fields": {"user": 4, "department": 3, "dob": "2020-01-05", "address": "66 Adebajo, New Bodija", "city": "Ibadan", "state": "Oyo", "origin_state": "Oyo", "nationality": "Nigeria", "mobile": "8184094317"}}, {"model": "employees.employeeprofile", "pk": 4, "fields": {"user": 5, "department": 2, "dob": "2020-01-05", "address": "66 Adebajo, New Bodija", "city": "Ibadan", "state": "Oyo", "origin_state": "Oyo", "nationality": "Nigeria", "mobile": "8184094317"}}, {"model": "employees.employeeprofile", "pk": 5, "fields": {"user": 6, "department": 2, "dob": "2000-01-02", "address": "66 Adebajo, New Bodija", "city": "Ibadan", "state": "Oyo", "origin_state": "Oyo", "nationality": "Nigeria", "mobile": "8184094317"}}, {"model": "employees.employeeprofile", "pk": 6, "fields": {"user": 7, "department": 4, "dob": "2000-01-02", "address": "66 Adebajo, New Bodija", "city": "Ibadan", "state": "Oyo", "origin_state": "Oyo", "nationality": "Nigeria", "mobile": "8184094317"}}, {"model": "employees.employeeprofile", "pk": 7, "fields": {"user": 8, "department": 2, "dob": "2000-01-02", "address": "66 Adebajo, New Bodija", "city": "Ibadan", "state": "Oyo", "origin_state": "Oyo", "nationality": "Nigeria", "mobile": "8184094317"}}, {"model": "employees.employeeprofile", "pk": 8, "fields": {"user": 9, "department": 1, "dob": "2000-01-02", "address": "66 Adebajo, New Bodija", "city": "Ibadan", "state": "Oyo", "origin_state": "Oyo", "nationality": "Nigeria", "mobile": "8184094317"}}, {"model": "employees.employeeprofile", "pk": 9, "fields": {"user": 10, "department": 1, "dob": "2000-01-02", "address": "66 Adebajo, New Bodija", "city": "Ibadan", "state": "Oyo", "origin_state": "Oyo", "nationality": "Nigeria", "mobile": "8184094317"}}, {"model": "employees.employeeprofile", "pk": 10, "fields": {"user": 11, "department": 3, "dob": "2000-01-02", "address": "66 Adebajo, New Bodija", "city": "Ibadan", "state": "Oyo", "origin_state": "Oyo", "nationality": "m", "mobile": "8184094317"}}, {"model": "employees.employeeprofile", "pk": 11, "fields": {"user": 12, "department": 2, "dob": "2000-01-02", "address": "66 Adebajo, New Bodija", "city": "Ibadan", "state": "Oyo", "origin_state": "Oyo", "nationality": "Nigeria", "mobile": "8184094317"}}, {"model": "employees.employeeprofile", "pk": 12, "fields": {"user": 13, "department": 1, "dob": "2020-01-05", "address": "66 Adebajo, New Bodija", "city": "Ibadan", "state": "Oyo", "origin_state": "Oyo", "nationality": "Nigeria", "mobile": "8184094317"}}, {"model": "employees.employeeprofile", "pk": 13, "fields": {"user": 14, "department": 3, "dob": "2000-01-02", "address": "66 Adebajo, New Bodija", "city": "Ibadan", "state": "Oyo", "origin_state": "Oyo", "nationality": "Nigeria", "mobile": "8184094317"}}, {"model": "employees.employeeprofile", "pk": 14, "fields": {"user": 15, "department": 2, "dob": "2000-01-02", "address": "66 Adebajo, New Bodija", "city": "Ibadan", "state": "Oyo", "origin_state": "Oyo", "nationality": "Nigeria", "mobile": "8184094317"}}, {"model": "employees.employeeprofile", "pk": 15, "fields": {"user": 16, "department": 4, "dob": "2000-01-02", "address": "66 Adebajo, New Bodija", "city": "Ibadan", "state": "Oyo", "origin_state": "Oyo", "nationality": "Nigeria", "mobile": "8184094317"}}, {"model": "employees.employeeprofile", "pk": 16, "fields": {"user": 17, "department": 4, "dob": "2000-01-02", "address": "66 Adebajo, New Bodija", "city": "Ibadan", "state": "Oyo", "origin_state": "Oyo", "nationality": "Nigeria", "mobile": "8184094317"}}, {"model": "employees.employeeprofile", "pk": 17, "fields": {"user": 18, "department": 2, "dob": "2000-01-02", "address": "66 Adebajo, New Bodija", "city": "Ibadan", "state": "Oyo", "origin_state": "Oyo", "nationality": "Nigeria", "mobile": "8184094317"}}, {"model": "employees.employeeprofile", "pk": 18, "fields": {"user": 19, "department": 2, "dob": "1994-11-21", "address": "66 Adebajo, New Bodija", "city": "Ibadan", "state": "Oyo", "origin_state": "Oyo", "nationality": "Nigeria", "mobile": "8184094317"}}, {"model": "employees.employeeprofile", "pk": 19, "fields": {"user": 20, "department": 2, "dob": "2000-01-02", "address": "66 Adebajo, New Bodija", "city": "Ibadan", "state": "Oyo", "origin_state": "Oyo", "nationality": "Nigeria", "mobile": "8184094317"}}, {"model": "employees.employeeprofile", "pk": 20, "fields": {"user": 21, "department": 3, "dob": "2000-01-02", "address": "66 Adebajo, New Bodija", "city": "Ibadan", "state": "Oyo", "origin_state": "Oyo", "nationality": "Nigeria", "mobile": "8184094317"}}, {"model": "employees.employeeprofile", "pk": 21, "fields": {"user": 22, "department": 2, "dob": "2000-01-02", "address": "66 Adebajo, New Bodija", "city": "Ibadan", "state": "Oyo", "origin_state": "Oyo", "nationality": "Nigeria", "mobile": "8184094317"}}]